n,E,M
0,-20000,1
50,-19948.0,0.9974000000000003
100,-19888.0,0.9944000000000006
150,-19824.0,0.991200000000001
200,-19766.0,0.9882000000000013
250,-19692.0,0.9844000000000017
300,-19622.0,0.9808000000000021
350,-19546.0,0.9770000000000025
400,-19480.0,0.9736000000000029
450,-19426.0,0.9706000000000032
500,-19384.0,0.9682000000000035
550,-19360.0,0.9670000000000036
600,-19310.0,0.9644000000000039
650,-19294.0,0.963200000000004
700,-19262.0,0.9616000000000042
750,-19228.0,0.9598000000000044
800,-19174.0,0.9570000000000047
850,-19114.0,0.9536000000000051
900,-19056.0,0.9504000000000055
950,-19010.0,0.9480000000000057
1000,-18944.0,0.9442000000000061
1050,-18928.0,0.9430000000000063
1100,-18912.0,0.9424000000000063
1150,-18862.0,0.9398000000000066
1200,-18812.0,0.9374000000000069
1250,-18770.0,0.9350000000000072
1300,-18740.0,0.9332000000000074
1350,-18716.0,0.9314000000000076
1400,-18672.0,0.9288000000000078
1450,-18644.0,0.9268000000000081
1500,-18574.0,0.9232000000000085
1550,-18528.0,0.9204000000000088
1600,-18460.0,0.9166000000000092
1650,-18442.0,0.9152000000000093
1700,-18392.0,0.9124000000000096
1750,-18352.0,0.9100000000000099
1800,-18296.0,0.9066000000000103
1850,-18244.0,0.9034000000000106
1900,-18212.0,0.9016000000000108
1950,-18188.0,0.900200000000011
2000,-18158.0,0.8980000000000112
2050,-18108.0,0.8948000000000116
2100,-18064.0,0.8918000000000119
2150,-18032.0,0.8896000000000122
2200,-17996.0,0.8870000000000124
2250,-17966.0,0.8850000000000127
2300,-17934.0,0.8830000000000129
2350,-17898.0,0.8812000000000131
2400,-17884.0,0.8806000000000132
2450,-17848.0,0.8788000000000133
2500,-17776.0,0.8742000000000139
2550,-17726.0,0.8710000000000142
2600,-17682.0,0.8684000000000145
2650,-17634.0,0.8650000000000149
2700,-17614.0,0.863800000000015
2750,-17570.0,0.8608000000000153
2800,-17540.0,0.8586000000000156
2850,-17530.0,0.8578000000000157
2900,-17480.0,0.854600000000016
2950,-17450.0,0.8524000000000163
3000,-17426.0,0.8504000000000165
3050,-17382.0,0.8474000000000168
3100,-17364.0,0.845600000000017
3150,-17344.0,0.8442000000000172
3200,-17282.0,0.8404000000000176
3250,-17242.0,0.8372000000000179
3300,-17218.0,0.8350000000000182
3350,-17168.0,0.8318000000000185
3400,-17108.0,0.8280000000000189
3450,-17066.0,0.8246000000000193
3500,-17016.0,0.8210000000000197
3550,-16986.0,0.8190000000000199
3600,-16934.0,0.8154000000000203
3650,-16886.0,0.8120000000000207
3700,-16856.0,0.809200000000021
3750,-16838.0,0.8082000000000211
3800,-16780.0,0.8040000000000216
3850,-16760.0,0.8026000000000217
3900,-16728.0,0.800000000000022
3950,-16672.0,0.7964000000000224
4000,-16636.0,0.7936000000000227
4050,-16618.0,0.7924000000000229
4100,-16598.0,0.7906000000000231
4150,-16552.0,0.7872000000000234
4200,-16494.0,0.7826000000000239
4250,-16456.0,0.7798000000000243
4300,-16406.0,0.7760000000000247
4350,-16374.0,0.7736000000000249
4400,-16342.0,0.7710000000000252
4450,-16332.0,0.7700000000000253
4500,-16308.0,0.7688000000000255
4550,-16276.0,0.7670000000000257
4600,-16230.0,0.764400000000026
4650,-16188.0,0.7618000000000262
4700,-16172.0,0.7602000000000264
4750,-16140.0,0.7578000000000267
4800,-16110.0,0.7558000000000269
4850,-16094.0,0.7540000000000271
4900,-16098.0,0.7530000000000272
4950,-16068.0,0.7508000000000274
5000,-16058.0,0.7500000000000275
5050,-16032.0,0.7484000000000277
5100,-16006.0,0.7468000000000279
5150,-15962.0,0.7434000000000283
5200,-15920.0,0.7410000000000285
5250,-15908.0,0.7396000000000287
5300,-15906.0,0.7376000000000289
5350,-15862.0,0.7344000000000293
5400,-15832.0,0.7316000000000296
5450,-15794.0,0.7288000000000299
5500,-15750.0,0.7256000000000302
5550,-15716.0,0.7220000000000306
5600,-15704.0,0.7210000000000307
5650,-15666.0,0.7176000000000311
5700,-15638.0,0.7152000000000314
5750,-15646.0,0.7144000000000315
5800,-15614.0,0.7112000000000318
5850,-15582.0,0.7084000000000321
5900,-15532.0,0.7046000000000325
5950,-15516.0,0.7030000000000327
6000,-15474.0,0.700000000000033
6050,-15448.0,0.6972000000000333
6100,-15436.0,0.6954000000000335
6150,-15412.0,0.6928000000000338
6200,-15412.0,0.6926000000000339
6250,-15380.0,0.6898000000000342
6300,-15364.0,0.6886000000000343
6350,-15330.0,0.6868000000000345
6400,-15326.0,0.6866000000000345
6450,-15314.0,0.6856000000000346
6500,-15282.0,0.6834000000000349
6550,-15252.0,0.6794000000000353
6600,-15240.0,0.6780000000000355
6650,-15206.0,0.6748000000000358
6700,-15196.0,0.673000000000036
6750,-15160.0,0.6708000000000363
6800,-15134.0,0.6690000000000365
6850,-15110.0,0.6664000000000367
6900,-15100.0,0.6652000000000369
6950,-15100.0,0.6648000000000369
7000,-15066.0,0.6624000000000372
7050,-15030.0,0.6588000000000376
7100,-15028.0,0.6570000000000378
7150,-14998.0,0.654600000000038
7200,-14986.0,0.6540000000000381
7250,-14994.0,0.654800000000038
7300,-14990.0,0.654600000000038
7350,-14966.0,0.6528000000000382
7400,-14942.0,0.6508000000000385
7450,-14934.0,0.6478000000000388
7500,-14900.0,0.6448000000000391
7550,-14866.0,0.6430000000000393
7600,-14880.0,0.6426000000000394
7650,-14854.0,0.6408000000000396
7700,-14852.0,0.6396000000000397
7750,-14826.0,0.6374000000000399
7800,-14776.0,0.6348000000000402
7850,-14744.0,0.6326000000000405
7900,-14708.0,0.6294000000000408
7950,-14690.0,0.6272000000000411
8000,-14664.0,0.6254000000000413
8050,-14654.0,0.6238000000000414
8100,-14624.0,0.6226000000000416
8150,-14614.0,0.6200000000000419
8200,-14590.0,0.6176000000000421
8250,-14550.0,0.6134000000000426
8300,-14532.0,0.6104000000000429
8350,-14550.0,0.6114000000000428
8400,-14536.0,0.609800000000043
8450,-14526.0,0.6076000000000432
8500,-14522.0,0.6068000000000433
8550,-14500.0,0.6050000000000435
8600,-14470.0,0.6022000000000438
8650,-14454.0,0.6014000000000439
8700,-14418.0,0.5988000000000442
8750,-14406.0,0.5974000000000443
8800,-14394.0,0.5952000000000446
8850,-14372.0,0.5934000000000448
8900,-14350.0,0.591200000000045
8950,-14342.0,0.5890000000000453
9000,-14312.0,0.5868000000000455
9050,-14280.0,0.5844000000000458
9100,-14280.0,0.5834000000000459
9150,-14256.0,0.5812000000000461
9200,-14246.0,0.5794000000000463
9250,-14226.0,0.5776000000000465
9300,-14208.0,0.5774000000000465
9350,-14192.0,0.5764000000000467
9400,-14158.0,0.573200000000047
9450,-14170.0,0.5712000000000472
9500,-14144.0,0.5694000000000474
9550,-14132.0,0.5680000000000476
9600,-14114.0,0.5662000000000478
9650,-14114.0,0.5652000000000479
9700,-14096.0,0.5626000000000482
9750,-14088.0,0.5602000000000484
9800,-14066.0,0.5586000000000486
9850,-14048.0,0.5564000000000489
9900,-14044.0,0.555200000000049
9950,-14060.0,0.554600000000049
10000,-14040.0,0.5516000000000494
10050,-14026.0,0.5504000000000495
10100,-14004.0,0.5480000000000498
10150,-14010.0,0.54640000000005
10200,-13990.0,0.54600000000005
10250,-13960.0,0.5430000000000503
10300,-13954.0,0.5406000000000506
10350,-13956.0,0.5394000000000507
10400,-13940.0,0.5384000000000508
10450,-13924.0,0.5360000000000511
10500,-13916.0,0.5358000000000511
10550,-13916.0,0.5328000000000515
10600,-13890.0,0.5312000000000516
10650,-13870.0,0.5290000000000519
10700,-13862.0,0.5294000000000518
10750,-13848.0,0.5284000000000519
10800,-13828.0,0.5264000000000522
10850,-13806.0,0.5248000000000523
10900,-13818.0,0.5238000000000524
10950,-13804.0,0.5230000000000525
11000,-13796.0,0.5206000000000528
11050,-13804.0,0.5210000000000528
11100,-13786.0,0.5178000000000531
11150,-13772.0,0.5164000000000533
11200,-13744.0,0.5146000000000535
11250,-13736.0,0.5132000000000536
11300,-13716.0,0.5108000000000539
11350,-13696.0,0.5088000000000541
11400,-13690.0,0.5076000000000542
11450,-13672.0,0.5068000000000543
11500,-13662.0,0.5060000000000544
11550,-13660.0,0.5046000000000546
11600,-13662.0,0.5040000000000546
11650,-13646.0,0.5022000000000548
11700,-13652.0,0.5012000000000549
11750,-13650.0,0.501000000000055
11800,-13640.0,0.500200000000055
11850,-13620.0,0.49740000000005535
11900,-13620.0,0.4954000000000556
11950,-13622.0,0.4932000000000558
12000,-13598.0,0.4906000000000561
12050,-13584.0,0.48760000000005643
12100,-13570.0,0.4862000000000566
12150,-13572.0,0.4850000000000567
12200,-13560.0,0.48200000000005705
12250,-13540.0,0.47940000000005734
12300,-13524.0,0.47820000000005747
12350,-13522.0,0.4762000000000577
12400,-13510.0,0.4770000000000576
12450,-13514.0,0.47640000000005767
12500,-13490.0,0.47460000000005786
12550,-13472.0,0.4726000000000581
12600,-13446.0,0.47020000000005835
12650,-13434.0,0.4680000000000586
12700,-13448.0,0.4672000000000587
12750,-13434.0,0.464400000000059
12800,-13428.0,0.4618000000000593
12850,-13422.0,0.45940000000005954
12900,-13394.0,0.4572000000000598
12950,-13398.0,0.4580000000000597
13000,-13380.0,0.4560000000000599
13050,-13378.0,0.45220000000006033
13100,-13346.0,0.45120000000006044
13150,-13340.0,0.4496000000000606
13200,-13298.0,0.4470000000000609
13250,-13286.0,0.4468000000000609
13300,-13284.0,0.44580000000006104
13350,-13274.0,0.4450000000000611
13400,-13266.0,0.4452000000000611
13450,-13234.0,0.4426000000000614
13500,-13228.0,0.44220000000006143
13550,-13226.0,0.4416000000000615
13600,-13210.0,0.4398000000000617
13650,-13216.0,0.43920000000006176
13700,-13196.0,0.4390000000000618
13750,-13202.0,0.437200000000062
13800,-13196.0,0.4352000000000622
13850,-13182.0,0.4326000000000625
13900,-13160.0,0.4316000000000626
13950,-13140.0,0.42920000000006286
14000,-13124.0,0.4296000000000628
14050,-13106.0,0.4290000000000629
14100,-13090.0,0.42740000000006306
14150,-13064.0,0.4260000000000632
14200,-13070.0,0.4242000000000634
14250,-13024.0,0.4218000000000637
14300,-12998.0,0.4182000000000641
14350,-13002.0,0.41740000000006416
14400,-13006.0,0.4170000000000642
14450,-13006.0,0.4144000000000645
14500,-13012.0,0.41280000000006467
14550,-13006.0,0.4108000000000649
14600,-13016.0,0.41120000000006485
14650,-13002.0,0.40920000000006507
14700,-12982.0,0.4054000000000655
14750,-12956.0,0.40300000000006575
14800,-12962.0,0.4024000000000658
14850,-12944.0,0.40120000000006595
14900,-12918.0,0.3996000000000661
14950,-12936.0,0.39940000000006615
15000,-12934.0,0.39860000000006623
15050,-12924.0,0.3988000000000662
15100,-12942.0,0.39920000000006617
15150,-12936.0,0.3970000000000664
15200,-12924.0,0.3934000000000668
15250,-12926.0,0.3934000000000668
15300,-12912.0,0.3924000000000669
15350,-12902.0,0.391400000000067
15400,-12904.0,0.39220000000006694
15450,-12894.0,0.39200000000006696
15500,-12896.0,0.391600000000067
15550,-12870.0,0.3896000000000672
15600,-12862.0,0.3870000000000675
15650,-12868.0,0.3854000000000677
15700,-12864.0,0.3862000000000676
15750,-12854.0,0.3864000000000676
15800,-12844.0,0.38560000000006767
15850,-12844.0,0.38580000000006764
15900,-12836.0,0.38480000000006775
15950,-12814.0,0.38380000000006786
16000,-12818.0,0.382600000000068
16050,-12794.0,0.3800000000000683
16100,-12804.0,0.3762000000000687
16150,-12786.0,0.37480000000006886
16200,-12776.0,0.3726000000000691
16250,-12784.0,0.37320000000006903
16300,-12764.0,0.3728000000000691
16350,-12748.0,0.373400000000069
16400,-12718.0,0.3724000000000691
16450,-12694.0,0.36960000000006943
16500,-12706.0,0.36860000000006954
16550,-12704.0,0.3680000000000696
16600,-12708.0,0.36680000000006974
16650,-12696.0,0.3654000000000699
16700,-12678.0,0.3628000000000702
16750,-12676.0,0.36200000000007027
16800,-12690.0,0.3610000000000704
16850,-12688.0,0.35860000000007064
16900,-12696.0,0.3580000000000707
16950,-12692.0,0.35760000000007075
17000,-12686.0,0.35760000000007075
17050,-12684.0,0.35660000000007086
17100,-12676.0,0.35660000000007086
17150,-12676.0,0.3564000000000709
17200,-12660.0,0.355200000000071
17250,-12652.0,0.3542000000000711
17300,-12650.0,0.35220000000007134
17350,-12620.0,0.34860000000007174
17400,-12614.0,0.3482000000000718
17450,-12596.0,0.346400000000072
17500,-12586.0,0.34400000000007225
17550,-12584.0,0.34220000000007245
17600,-12578.0,0.3406000000000726
17650,-12566.0,0.33860000000007284
17700,-12566.0,0.33780000000007293
17750,-12556.0,0.33660000000007306
17800,-12560.0,0.33680000000007304
17850,-12566.0,0.33680000000007304
17900,-12564.0,0.3346000000000733
17950,-12568.0,0.3342000000000733
18000,-12554.0,0.3324000000000735
18050,-12564.0,0.33380000000007337
18100,-12552.0,0.33380000000007337
18150,-12544.0,0.3328000000000735
18200,-12546.0,0.33220000000007355
18250,-12538.0,0.33040000000007375
18300,-12524.0,0.3300000000000738
18350,-12494.0,0.32860000000007394
18400,-12494.0,0.32960000000007383
18450,-12496.0,0.3292000000000739
18500,-12488.0,0.32780000000007403
18550,-12488.0,0.3246000000000744
18600,-12506.0,0.32420000000007443
18650,-12500.0,0.32400000000007445
18700,-12488.0,0.32320000000007454
18750,-12490.0,0.3238000000000745
18800,-12480.0,0.3236000000000745
18850,-12476.0,0.3238000000000745
18900,-12464.0,0.3234000000000745
18950,-12448.0,0.3210000000000748
19000,-12458.0,0.318800000000075
19050,-12444.0,0.31680000000007524
19100,-12456.0,0.31660000000007527
19150,-12444.0,0.31500000000007544
19200,-12438.0,0.3134000000000756
19250,-12420.0,0.31240000000007573
19300,-12422.0,0.3120000000000758
19350,-12430.0,0.31220000000007575
19400,-12432.0,0.3106000000000759
19450,-12430.0,0.3092000000000761
19500,-12422.0,0.3074000000000763
19550,-12428.0,0.30400000000007665
19600,-12436.0,0.3020000000000769
19650,-12426.0,0.30120000000007696
19700,-12440.0,0.29960000000007714
19750,-12428.0,0.29860000000007725
19800,-12420.0,0.2964000000000775
19850,-12418.0,0.29660000000007747
19900,-12414.0,0.2956000000000776
19950,-12412.0,0.29400000000007775
20000,-12386.0,0.2926000000000779
20050,-12414.0,0.29060000000007813
20100,-12398.0,0.2902000000000782
20150,-12396.0,0.29060000000007813
20200,-12384.0,0.2898000000000782
20250,-12384.0,0.2880000000000784
20300,-12394.0,0.2892000000000783
20350,-12382.0,0.28860000000007835
20400,-12378.0,0.2902000000000782
20450,-12370.0,0.28860000000007835
20500,-12354.0,0.2870000000000785
20550,-12346.0,0.2854000000000787
20600,-12324.0,0.28660000000007857
20650,-12322.0,0.2856000000000787
20700,-12324.0,0.2856000000000787
20750,-12318.0,0.28400000000007886
20800,-12318.0,0.2836000000000789
20850,-12290.0,0.28040000000007925
20900,-12284.0,0.2772000000000796
20950,-12286.0,0.2762000000000797
21000,-12286.0,0.27360000000008
21050,-12288.0,0.2726000000000801
21100,-12306.0,0.2716000000000802
21150,-12310.0,0.26940000000008046
21200,-12308.0,0.2708000000000803
21250,-12292.0,0.27060000000008033
21300,-12292.0,0.27120000000008027
21350,-12296.0,0.2700000000000804
21400,-12292.0,0.2700000000000804
21450,-12282.0,0.26760000000008066
21500,-12286.0,0.2656000000000809
21550,-12302.0,0.2654000000000809
21600,-12304.0,0.264600000000081
21650,-12286.0,0.26420000000008104
21700,-12276.0,0.26220000000008126
21750,-12288.0,0.2608000000000814
21800,-12280.0,0.2580000000000817
21850,-12294.0,0.25940000000008157
21900,-12298.0,0.2584000000000817
21950,-12306.0,0.2572000000000818
22000,-12312.0,0.2572000000000818
22050,-12312.0,0.25700000000008183
22100,-12304.0,0.2566000000000819
22150,-12276.0,0.25500000000008205
22200,-12286.0,0.25300000000008227
22250,-12278.0,0.2518000000000824
22300,-12282.0,0.2534000000000822
22350,-12254.0,0.25240000000008234
22400,-12258.0,0.2516000000000824
22450,-12264.0,0.25060000000008253
22500,-12276.0,0.2516000000000824
22550,-12278.0,0.2498000000000826
22600,-12278.0,0.2508000000000825
22650,-12284.0,0.2498000000000826
22700,-12276.0,0.25060000000008253
22750,-12288.0,0.2518000000000824
22800,-12286.0,0.25220000000008236
22850,-12284.0,0.2518000000000824
22900,-12282.0,0.2518000000000824
22950,-12272.0,0.24940000000008258
23000,-12302.0,0.25240000000008234
23050,-12288.0,0.2516000000000824
23100,-12264.0,0.24860000000008256
23150,-12254.0,0.24820000000008255
23200,-12258.0,0.24700000000008251
23250,-12262.0,0.2468000000000825
23300,-12262.0,0.24580000000008248
23350,-12252.0,0.24420000000008243
23400,-12266.0,0.24400000000008243
23450,-12268.0,0.2432000000000824
23500,-12248.0,0.24140000000008235
23550,-12264.0,0.24100000000008234
23600,-12268.0,0.24040000000008233
23650,-12264.0,0.23840000000008227
23700,-12272.0,0.24040000000008233
23750,-12274.0,0.24100000000008234
23800,-12278.0,0.24160000000008236
23850,-12270.0,0.24060000000008233
23900,-12270.0,0.23840000000008227
23950,-12272.0,0.23900000000008229
24000,-12268.0,0.23740000000008224
24050,-12252.0,0.2356000000000822
24100,-12238.0,0.23400000000008214
24150,-12244.0,0.2326000000000821
24200,-12234.0,0.2322000000000821
24250,-12238.0,0.2324000000000821
24300,-12232.0,0.2322000000000821
24350,-12238.0,0.23180000000008208
24400,-12230.0,0.23040000000008204
24450,-12198.0,0.228800000000082
24500,-12182.0,0.22680000000008194
24550,-12170.0,0.22780000000008196
24600,-12164.0,0.22820000000008198
24650,-12166.0,0.22680000000008194
24700,-12152.0,0.22640000000008192
24750,-12146.0,0.2252000000000819
24800,-12136.0,0.22380000000008185
24850,-12112.0,0.22120000000008178
24900,-12094.0,0.22020000000008175
24950,-12100.0,0.22040000000008175
25000,-12096.0,0.2190000000000817
25050,-12088.0,0.21640000000008164
25100,-12080.0,0.21400000000008157
25150,-12076.0,0.21340000000008155
25200,-12072.0,0.2154000000000816
25250,-12070.0,0.2150000000000816
25300,-12050.0,0.2146000000000816
25350,-12038.0,0.21600000000008163
25400,-12040.0,0.21600000000008163
25450,-12054.0,0.2154000000000816
25500,-12074.0,0.21600000000008163
25550,-12062.0,0.2148000000000816
25600,-12060.0,0.21400000000008157
25650,-12062.0,0.2118000000000815
25700,-12058.0,0.21100000000008148
25750,-12062.0,0.2120000000000815
25800,-12058.0,0.21220000000008152
25850,-12038.0,0.21060000000008147
25900,-12030.0,0.21100000000008148
25950,-12038.0,0.2118000000000815
26000,-12042.0,0.2114000000000815
26050,-12044.0,0.2116000000000815
26100,-12050.0,0.2116000000000815
26150,-12066.0,0.20900000000008143
26200,-12072.0,0.20680000000008136
26250,-12082.0,0.20560000000008133
26300,-12076.0,0.20600000000008134
26350,-12058.0,0.20600000000008134
26400,-12060.0,0.20760000000008139
26450,-12062.0,0.20700000000008137
26500,-12052.0,0.20600000000008134
26550,-12058.0,0.20520000000008132
26600,-12028.0,0.20380000000008128
26650,-12028.0,0.20360000000008127
26700,-12038.0,0.2046000000000813
26750,-12038.0,0.20340000000008127
26800,-12062.0,0.20400000000008128
26850,-12060.0,0.20340000000008127
26900,-12074.0,0.20260000000008124
26950,-12080.0,0.20060000000008119
27000,-12088.0,0.1976000000000811
27050,-12072.0,0.19900000000008114
27100,-12060.0,0.1978000000000811
27150,-12050.0,0.19920000000008115
27200,-12048.0,0.20060000000008119
27250,-12056.0,0.19960000000008116
27300,-12066.0,0.20160000000008121
27350,-12066.0,0.20000000000008117
27400,-12080.0,0.20000000000008117
27450,-12078.0,0.19980000000008116
27500,-12064.0,0.19920000000008115
27550,-12064.0,0.1972000000000811
27600,-12056.0,0.1976000000000811
27650,-12044.0,0.19600000000008105
27700,-12034.0,0.19540000000008104
27750,-12040.0,0.19540000000008104
27800,-12034.0,0.19280000000008096
27850,-12014.0,0.19120000000008092
27900,-12010.0,0.18820000000008083
27950,-12010.0,0.18900000000008085
28000,-11990.0,0.18860000000008084
28050,-11988.0,0.18880000000008085
28100,-11992.0,0.18920000000008086
28150,-11988.0,0.18840000000008084
28200,-11996.0,0.18840000000008084
28250,-11980.0,0.18520000000008074
28300,-11980.0,0.18620000000008077
28350,-11996.0,0.18500000000008074
28400,-12004.0,0.1874000000000808
28450,-12010.0,0.18800000000008082
28500,-12004.0,0.18800000000008082
28550,-12002.0,0.1868000000000808
28600,-12002.0,0.18620000000008077
28650,-11994.0,0.18500000000008074
28700,-12002.0,0.18780000000008082
28750,-11988.0,0.18580000000008076
28800,-12010.0,0.18560000000008076
28850,-12022.0,0.18660000000008078
28900,-11998.0,0.18440000000008072
28950,-12000.0,0.18280000000008068
29000,-12030.0,0.18120000000008063
29050,-12028.0,0.1802000000000806
29100,-12028.0,0.1806000000000806
29150,-12024.0,0.17920000000008057
29200,-12028.0,0.17600000000008048
29250,-12024.0,0.1766000000000805
29300,-12046.0,0.17820000000008054
29350,-12060.0,0.17780000000008053
29400,-12050.0,0.1764000000000805
29450,-12036.0,0.17500000000008045
29500,-12048.0,0.1766000000000805
29550,-12046.0,0.17540000000008046
29600,-12032.0,0.17400000000008042
29650,-12044.0,0.17200000000008037
29700,-12036.0,0.17120000000008034
29750,-12016.0,0.1694000000000803
29800,-11988.0,0.16880000000008027
29850,-11980.0,0.1660000000000802
29900,-11980.0,0.16500000000008017
29950,-11970.0,0.16400000000008014
30000,-11988.0,0.16500000000008017
30050,-11984.0,0.16560000000008018
30100,-11972.0,0.16480000000008016
30150,-11982.0,0.16420000000008014
30200,-11970.0,0.1626000000000801
30250,-11978.0,0.16440000000008015
30300,-11982.0,0.16360000000008013
30350,-11990.0,0.16340000000008012
30400,-11988.0,0.1630000000000801
30450,-11992.0,0.16320000000008011
30500,-11974.0,0.16180000000008007
30550,-11984.0,0.15980000000008002
30600,-11974.0,0.15780000000007996
30650,-11980.0,0.15940000000008
30700,-11988.0,0.16020000000008003
30750,-11972.0,0.15900000000008
30800,-11964.0,0.15720000000007994
30850,-11956.0,0.1560000000000799
30900,-11962.0,0.1562000000000799
30950,-11954.0,0.1554000000000799
31000,-11944.0,0.1562000000000799
31050,-11944.0,0.15740000000007995
31100,-11932.0,0.15740000000007995
31150,-11944.0,0.15720000000007994
31200,-11942.0,0.1556000000000799
31250,-11928.0,0.1556000000000799
31300,-11922.0,0.1558000000000799
31350,-11910.0,0.15500000000007988
31400,-11916.0,0.15500000000007988
31450,-11924.0,0.15280000000007982
31500,-11924.0,0.14940000000007972
31550,-11916.0,0.14760000000007967
31600,-11926.0,0.14740000000007966
31650,-11906.0,0.14640000000007963
31700,-11912.0,0.14460000000007958
31750,-11916.0,0.14380000000007956
31800,-11932.0,0.14260000000007952
31850,-11914.0,0.14040000000007946
31900,-11922.0,0.1386000000000794
31950,-11904.0,0.13580000000007933
32000,-11904.0,0.13400000000007928
32050,-11922.0,0.13540000000007932
32100,-11928.0,0.1350000000000793
32150,-11910.0,0.13360000000007927
32200,-11902.0,0.13360000000007927
32250,-11896.0,0.13320000000007926
32300,-11896.0,0.1344000000000793
32350,-11882.0,0.13720000000007937
32400,-11870.0,0.1386000000000794
32450,-11874.0,0.13960000000007944
32500,-11894.0,0.13920000000007943
32550,-11902.0,0.1386000000000794
32600,-11904.0,0.13680000000007936
32650,-11884.0,0.1378000000000794
32700,-11872.0,0.1352000000000793
32750,-11878.0,0.13360000000007927
32800,-11876.0,0.13300000000007925
32850,-11898.0,0.13420000000007928
32900,-11886.0,0.13380000000007927
32950,-11880.0,0.13240000000007923
33000,-11874.0,0.13320000000007926
33050,-11866.0,0.13240000000007923
33100,-11866.0,0.12940000000007915
33150,-11864.0,0.1274000000000791
33200,-11870.0,0.12720000000007908
33250,-11886.0,0.12700000000007908
33300,-11880.0,0.1276000000000791
33350,-11880.0,0.1274000000000791
33400,-11894.0,0.1280000000000791
33450,-11904.0,0.12560000000007904
33500,-11896.0,0.12180000000007893
33550,-11886.0,0.1206000000000789
33600,-11876.0,0.11940000000007886
33650,-11892.0,0.11960000000007887
33700,-11892.0,0.11880000000007884
33750,-11890.0,0.12020000000007888
33800,-11898.0,0.1208000000000789
33850,-11896.0,0.12160000000007892
33900,-11912.0,0.12220000000007894
33950,-11918.0,0.12320000000007897
34000,-11908.0,0.12180000000007893
34050,-11924.0,0.11960000000007887
34100,-11898.0,0.12000000000007888
34150,-11898.0,0.11980000000007887
34200,-11904.0,0.11860000000007884
34250,-11912.0,0.11660000000007878
34300,-11900.0,0.11540000000007875
34350,-11912.0,0.11560000000007875
34400,-11932.0,0.11440000000007872
34450,-11924.0,0.11220000000007865
34500,-11922.0,0.11220000000007865
34550,-11896.0,0.11200000000007865
34600,-11896.0,0.11240000000007866
34650,-11886.0,0.11320000000007868
34700,-11900.0,0.11160000000007864
34750,-11900.0,0.1102000000000786
34800,-11888.0,0.11100000000007862
34850,-11858.0,0.10940000000007857
34900,-11870.0,0.10840000000007854
34950,-11874.0,0.10880000000007856
35000,-11864.0,0.10620000000007848
35050,-11854.0,0.10780000000007853
35100,-11870.0,0.10960000000007858
35150,-11852.0,0.10820000000007854
35200,-11854.0,0.10980000000007858
35250,-11856.0,0.10960000000007858
35300,-11862.0,0.10860000000007855
35350,-11850.0,0.10940000000007857
35400,-11848.0,0.10740000000007852
35450,-11862.0,0.1066000000000785
35500,-11856.0,0.10540000000007846
35550,-11834.0,0.10500000000007845
35600,-11822.0,0.10240000000007837
35650,-11824.0,0.10260000000007838
35700,-11826.0,0.1034000000000784
35750,-11820.0,0.10440000000007843
35800,-11826.0,0.10560000000007846
35850,-11834.0,0.10560000000007846
35900,-11810.0,0.10600000000007848
35950,-11800.0,0.10480000000007844
36000,-11802.0,0.10440000000007843
36050,-11800.0,0.10240000000007837
36100,-11790.0,0.10040000000007832
36150,-11786.0,0.10220000000007837
36200,-11778.0,0.10060000000007832
36250,-11786.0,0.10220000000007837
36300,-11784.0,0.10200000000007836
36350,-11780.0,0.10420000000007842
36400,-11768.0,0.10280000000007838
36450,-11788.0,0.10420000000007842
36500,-11786.0,0.10260000000007838
36550,-11800.0,0.10020000000007831
36600,-11804.0,0.10040000000007832
36650,-11786.0,0.09780000000007824
36700,-11792.0,0.09780000000007824
36750,-11798.0,0.10080000000007833
36800,-11796.0,0.10040000000007832
36850,-11808.0,0.10060000000007832
36900,-11820.0,0.10080000000007833
36950,-11812.0,0.10040000000007832
37000,-11822.0,0.10080000000007833
37050,-11834.0,0.10280000000007838
37100,-11838.0,0.10300000000007839
37150,-11822.0,0.10500000000007845
37200,-11840.0,0.10480000000007844
37250,-11848.0,0.1068000000000785
37300,-11840.0,0.10620000000007848
37350,-11844.0,0.10560000000007846
37400,-11850.0,0.10520000000007845
37450,-11856.0,0.10520000000007845
37500,-11854.0,0.10640000000007849
37550,-11842.0,0.10620000000007848
37600,-11850.0,0.10780000000007853
37650,-11848.0,0.10740000000007852
37700,-11848.0,0.10540000000007846
37750,-11842.0,0.10500000000007845
37800,-11856.0,0.10640000000007849
37850,-11842.0,0.10620000000007848
37900,-11848.0,0.10500000000007845
37950,-11850.0,0.1034000000000784
38000,-11850.0,0.10360000000007841
38050,-11854.0,0.10220000000007837
38100,-11858.0,0.10140000000007834
38150,-11862.0,0.10360000000007841
38200,-11872.0,0.10280000000007838
38250,-11870.0,0.10100000000007833
38300,-11864.0,0.10080000000007833
38350,-11862.0,0.1000000000000783
38400,-11852.0,0.09840000000007826
38450,-11874.0,0.09880000000007827
38500,-11882.0,0.09900000000007828
38550,-11880.0,0.09860000000007826
38600,-11886.0,0.09880000000007827
38650,-11874.0,0.09760000000007824
38700,-11872.0,0.09780000000007824
38750,-11868.0,0.09680000000007821
38800,-11866.0,0.09800000000007825
38850,-11860.0,0.0964000000000782
38900,-11858.0,0.09420000000007814
38950,-11860.0,0.09240000000007809
39000,-11848.0,0.09260000000007809
39050,-11856.0,0.0930000000000781
39100,-11852.0,0.09220000000007808
39150,-11854.0,0.09100000000007805
39200,-11850.0,0.09200000000007807
39250,-11828.0,0.09240000000007809
39300,-11820.0,0.09220000000007808
39350,-11808.0,0.09020000000007802
39400,-11810.0,0.09060000000007803
39450,-11800.0,0.09000000000007802
39500,-11794.0,0.08880000000007798
39550,-11798.0,0.089200000000078
39600,-11792.0,0.08880000000007798
39650,-11812.0,0.09000000000007802
39700,-11808.0,0.08860000000007798
39750,-11814.0,0.08700000000007793
39800,-11816.0,0.08720000000007794
39850,-11806.0,0.08540000000007789
39900,-11828.0,0.08160000000007778
39950,-11852.0,0.08080000000007775
40000,-11848.0,0.08120000000007777
40050,-11834.0,0.0826000000000778
40100,-11838.0,0.0822000000000778
40150,-11840.0,0.08380000000007784
40200,-11810.0,0.08460000000007786
40250,-11818.0,0.08440000000007786
40300,-11802.0,0.08400000000007785
40350,-11804.0,0.08360000000007783
40400,-11796.0,0.08360000000007783
40450,-11780.0,0.08360000000007783
40500,-11788.0,0.0824000000000778
40550,-11778.0,0.08180000000007778
40600,-11758.0,0.08020000000007774
40650,-11750.0,0.07860000000007769
40700,-11748.0,0.07860000000007769
40750,-11742.0,0.07860000000007769
40800,-11752.0,0.07740000000007766
40850,-11754.0,0.07620000000007762
40900,-11750.0,0.07740000000007766
40950,-11740.0,0.07720000000007765
41000,-11742.0,0.07920000000007771
41050,-11736.0,0.07920000000007771
41100,-11728.0,0.07820000000007768
41150,-11738.0,0.07860000000007769
41200,-11734.0,0.07720000000007765
41250,-11720.0,0.0752000000000776
41300,-11720.0,0.0754000000000776
41350,-11728.0,0.07340000000007754
41400,-11712.0,0.07220000000007751
41450,-11696.0,0.06900000000007742
41500,-11688.0,0.0686000000000774
41550,-11698.0,0.06720000000007736
41600,-11674.0,0.06800000000007739
41650,-11656.0,0.06920000000007742
41700,-11686.0,0.06980000000007744
41750,-11698.0,0.06920000000007742
41800,-11698.0,0.06800000000007739
41850,-11686.0,0.06680000000007735
41900,-11690.0,0.06700000000007736
41950,-11702.0,0.06780000000007738
42000,-11684.0,0.06880000000007741
42050,-11682.0,0.06780000000007738
42100,-11664.0,0.06780000000007738
42150,-11666.0,0.06760000000007738
42200,-11648.0,0.06740000000007737
42250,-11618.0,0.06940000000007743
42300,-11620.0,0.07160000000007749
42350,-11616.0,0.07340000000007754
42400,-11608.0,0.07300000000007753
42450,-11612.0,0.07440000000007757
42500,-11616.0,0.0752000000000776
42550,-11650.0,0.0752000000000776
42600,-11654.0,0.07680000000007764
42650,-11668.0,0.07840000000007769
42700,-11668.0,0.08000000000007773
42750,-11664.0,0.08000000000007773
42800,-11656.0,0.07960000000007772
42850,-11668.0,0.08080000000007775
42900,-11662.0,0.0822000000000778
42950,-11670.0,0.0826000000000778
43000,-11670.0,0.08320000000007782
43050,-11672.0,0.0826000000000778
43100,-11678.0,0.08340000000007783
43150,-11664.0,0.08320000000007782
43200,-11692.0,0.08560000000007789
43250,-11710.0,0.08460000000007786
43300,-11710.0,0.08340000000007783
43350,-11708.0,0.08180000000007778
43400,-11726.0,0.0824000000000778
43450,-11732.0,0.0824000000000778
43500,-11732.0,0.08180000000007778
43550,-11730.0,0.08200000000007779
43600,-11732.0,0.08280000000007781
43650,-11736.0,0.08460000000007786
43700,-11728.0,0.08480000000007787
43750,-11730.0,0.08520000000007788
43800,-11742.0,0.08740000000007794
43850,-11728.0,0.08560000000007789
43900,-11716.0,0.08700000000007793
43950,-11730.0,0.08680000000007793
44000,-11734.0,0.0860000000000779
44050,-11746.0,0.08660000000007792
44100,-11736.0,0.08340000000007783
44150,-11720.0,0.08280000000007781
44200,-11716.0,0.0822000000000778
44250,-11718.0,0.0824000000000778
44300,-11690.0,0.08160000000007778
44350,-11704.0,0.08120000000007777
44400,-11718.0,0.08080000000007775
44450,-11724.0,0.08080000000007775
44500,-11726.0,0.08140000000007777
44550,-11720.0,0.0824000000000778
44600,-11728.0,0.08140000000007777
44650,-11730.0,0.08080000000007775
44700,-11722.0,0.07960000000007772
44750,-11752.0,0.07920000000007771
44800,-11748.0,0.08000000000007773
44850,-11754.0,0.08040000000007774
44900,-11762.0,0.07960000000007772
44950,-11756.0,0.0756000000000776
45000,-11782.0,0.07480000000007758
45050,-11774.0,0.07260000000007752
45100,-11764.0,0.07060000000007746
45150,-11750.0,0.07020000000007745
45200,-11764.0,0.07020000000007745
45250,-11750.0,0.06780000000007738
45300,-11740.0,0.06560000000007732
45350,-11748.0,0.06620000000007734
45400,-11738.0,0.06640000000007734
45450,-11742.0,0.06400000000007727
45500,-11724.0,0.06300000000007724
45550,-11720.0,0.06140000000007724
45600,-11720.0,0.06300000000007724
45650,-11712.0,0.060800000000077244
45700,-11718.0,0.06120000000007724
45750,-11726.0,0.06000000000007725
45800,-11730.0,0.05940000000007725
45850,-11730.0,0.05960000000007725
45900,-11722.0,0.05980000000007725
45950,-11734.0,0.05760000000007726
46000,-11724.0,0.057400000000077264
46050,-11714.0,0.05840000000007726
46100,-11722.0,0.05640000000007727
46150,-11722.0,0.05660000000007727
46200,-11724.0,0.05700000000007727
46250,-11724.0,0.05600000000007727
46300,-11730.0,0.05500000000007728
46350,-11732.0,0.05460000000007728
46400,-11720.0,0.05260000000007729
46450,-11740.0,0.050800000000077304
46500,-11736.0,0.05020000000007731
46550,-11746.0,0.05040000000007731
46600,-11730.0,0.05020000000007731
46650,-11734.0,0.0512000000000773
46700,-11744.0,0.04820000000007732
46750,-11750.0,0.04680000000007733
46800,-11748.0,0.04700000000007733
46850,-11744.0,0.04840000000007732
46900,-11738.0,0.04700000000007733
46950,-11728.0,0.04700000000007733
47000,-11732.0,0.047600000000077324
47050,-11726.0,0.04860000000007732
47100,-11734.0,0.04800000000007732
47150,-11718.0,0.04960000000007731
47200,-11714.0,0.04680000000007733
47250,-11716.0,0.045800000000077334
47300,-11732.0,0.047200000000077326
47350,-11748.0,0.04860000000007732
47400,-11762.0,0.04860000000007732
47450,-11762.0,0.05040000000007731
47500,-11754.0,0.04860000000007732
47550,-11760.0,0.04840000000007732
47600,-11764.0,0.047600000000077324
47650,-11766.0,0.04840000000007732
47700,-11744.0,0.047400000000077325
47750,-11736.0,0.047400000000077325
47800,-11744.0,0.04600000000007733
47850,-11766.0,0.04600000000007733
47900,-11770.0,0.04680000000007733
47950,-11780.0,0.04820000000007732
48000,-11766.0,0.047200000000077326
48050,-11772.0,0.04620000000007733
48100,-11786.0,0.04480000000007734
48150,-11808.0,0.044000000000077345
48200,-11806.0,0.04480000000007734
48250,-11796.0,0.043800000000077347
48300,-11804.0,0.04500000000007734
48350,-11794.0,0.04520000000007734
48400,-11788.0,0.04440000000007734
48450,-11798.0,0.04660000000007733
48500,-11784.0,0.04520000000007734
48550,-11790.0,0.04620000000007733
48600,-11784.0,0.04620000000007733
48650,-11764.0,0.04460000000007734
48700,-11766.0,0.04460000000007734
48750,-11766.0,0.04480000000007734
48800,-11754.0,0.045600000000077336
48850,-11762.0,0.04600000000007733
48900,-11776.0,0.044200000000077344
48950,-11780.0,0.04460000000007734
49000,-11796.0,0.044000000000077345
49050,-11804.0,0.04360000000007735
49100,-11792.0,0.044000000000077345
49150,-11776.0,0.043800000000077347
49200,-11784.0,0.045800000000077334
49250,-11764.0,0.04860000000007732
49300,-11768.0,0.04980000000007731
49350,-11786.0,0.0510000000000773
49400,-11782.0,0.049200000000077314
49450,-11784.0,0.05040000000007731
49500,-11792.0,0.04980000000007731
49550,-11804.0,0.04960000000007731
49600,-11796.0,0.04780000000007732
49650,-11788.0,0.04620000000007733
49700,-11786.0,0.04480000000007734
49750,-11778.0,0.04680000000007733
49800,-11780.0,0.04780000000007732
49850,-11760.0,0.049200000000077314
49900,-11754.0,0.05020000000007731
49950,-11734.0,0.049000000000077315
50000,-11740.0,0.04940000000007731
50050,-11746.0,0.048800000000077316
50100,-11746.0,0.04640000000007733
50150,-11732.0,0.047200000000077326
50200,-11738.0,0.04820000000007732
50250,-11742.0,0.04860000000007732
50300,-11738.0,0.04960000000007731
50350,-11756.0,0.04980000000007731
50400,-11740.0,0.04960000000007731
50450,-11742.0,0.049000000000077315
50500,-11744.0,0.04800000000007732
50550,-11750.0,0.04780000000007732
50600,-11736.0,0.04820000000007732
50650,-11734.0,0.04640000000007733
50700,-11746.0,0.04780000000007732
50750,-11756.0,0.04840000000007732
50800,-11756.0,0.04800000000007732
50850,-11766.0,0.047200000000077326
50900,-11754.0,0.04620000000007733
50950,-11770.0,0.04780000000007732
51000,-11766.0,0.04660000000007733
51050,-11780.0,0.04660000000007733
51100,-11794.0,0.04800000000007732
51150,-11790.0,0.04660000000007733
51200,-11804.0,0.04640000000007733
51250,-11810.0,0.04440000000007734
51300,-11830.0,0.04360000000007735
51350,-11818.0,0.04340000000007735
51400,-11812.0,0.04180000000007736
51450,-11820.0,0.040800000000077365
51500,-11840.0,0.03980000000007737
51550,-11848.0,0.04000000000007737
51600,-11844.0,0.040800000000077365
51650,-11856.0,0.04140000000007736
51700,-11848.0,0.039200000000077374
51750,-11860.0,0.04040000000007737
51800,-11878.0,0.04100000000007736
51850,-11874.0,0.03960000000007737
51900,-11886.0,0.03880000000007738
51950,-11868.0,0.037200000000077386
52000,-11864.0,0.0346000000000774
52050,-11860.0,0.0354000000000774
52100,-11856.0,0.03360000000007741
52150,-11862.0,0.03340000000007741
52200,-11854.0,0.034200000000077405
52250,-11864.0,0.0352000000000774
52300,-11868.0,0.0352000000000774
52350,-11882.0,0.03640000000007739
52400,-11878.0,0.03620000000007739
52450,-11884.0,0.0350000000000774
52500,-11910.0,0.035600000000077396
52550,-11914.0,0.037600000000077384
52600,-11916.0,0.03820000000007738
52650,-11914.0,0.03640000000007739
52700,-11910.0,0.0352000000000774
52750,-11902.0,0.0348000000000774
52800,-11888.0,0.032600000000077414
52850,-11902.0,0.03360000000007741
52900,-11892.0,0.035600000000077396
52950,-11888.0,0.03620000000007739
53000,-11868.0,0.037200000000077386
53050,-11838.0,0.03640000000007739
53100,-11846.0,0.03680000000007739
53150,-11846.0,0.035600000000077396
53200,-11826.0,0.03620000000007739
53250,-11806.0,0.035600000000077396
53300,-11820.0,0.03640000000007739
53350,-11826.0,0.035800000000077395
53400,-11838.0,0.0350000000000774
53450,-11822.0,0.0350000000000774
53500,-11816.0,0.03340000000007741
53550,-11810.0,0.03280000000007741
53600,-11800.0,0.032600000000077414
53650,-11810.0,0.0354000000000774
53700,-11808.0,0.0354000000000774
53750,-11808.0,0.037200000000077386
53800,-11810.0,0.037600000000077384
53850,-11816.0,0.03840000000007738
53900,-11808.0,0.03780000000007738
53950,-11800.0,0.039200000000077374
54000,-11794.0,0.03940000000007737
54050,-11790.0,0.03940000000007737
54100,-11802.0,0.04020000000007737
54150,-11798.0,0.03980000000007737
54200,-11806.0,0.03860000000007738
54250,-11826.0,0.03840000000007738
54300,-11838.0,0.03840000000007738
54350,-11840.0,0.04120000000007736
54400,-11858.0,0.04040000000007737
54450,-11844.0,0.039000000000077376
54500,-11828.0,0.039200000000077374
54550,-11846.0,0.039000000000077376
54600,-11844.0,0.039000000000077376
54650,-11846.0,0.03620000000007739
54700,-11858.0,0.0352000000000774
54750,-11866.0,0.03380000000007741
54800,-11856.0,0.032400000000077415
54850,-11850.0,0.03000000000007743
54900,-11860.0,0.030800000000077425
54950,-11850.0,0.030400000000077428
55000,-11852.0,0.03020000000007743
55050,-11830.0,0.030400000000077428
55100,-11826.0,0.032600000000077414
55150,-11836.0,0.03200000000007742
55200,-11828.0,0.03300000000007741
55250,-11832.0,0.03220000000007742
55300,-11836.0,0.031000000000077424
55350,-11820.0,0.03220000000007742
55400,-11820.0,0.030800000000077425
55450,-11796.0,0.03180000000007742
55500,-11798.0,0.032600000000077414
55550,-11806.0,0.03180000000007742
55600,-11796.0,0.032600000000077414
55650,-11792.0,0.03280000000007741
55700,-11776.0,0.03280000000007741
55750,-11792.0,0.032400000000077415
55800,-11802.0,0.032600000000077414
55850,-11800.0,0.034000000000077406
55900,-11804.0,0.03280000000007741
55950,-11808.0,0.03220000000007742
56000,-11814.0,0.031200000000077423
56050,-11790.0,0.03140000000007742
56100,-11784.0,0.031000000000077424
56150,-11806.0,0.03020000000007743
56200,-11808.0,0.028800000000077437
56250,-11796.0,0.02820000000007744
56300,-11812.0,0.029400000000077434
56350,-11806.0,0.03020000000007743
56400,-11820.0,0.031000000000077424
56450,-11828.0,0.03140000000007742
56500,-11812.0,0.030600000000077426
56550,-11806.0,0.030800000000077425
56600,-11792.0,0.030400000000077428
56650,-11788.0,0.03160000000007742
56700,-11784.0,0.029400000000077434
56750,-11780.0,0.029000000000077436
56800,-11778.0,0.027800000000077443
56850,-11774.0,0.026400000000077452
56900,-11768.0,0.026400000000077452
56950,-11764.0,0.025800000000077455
57000,-11766.0,0.025400000000077458
57050,-11752.0,0.026000000000077454
57100,-11742.0,0.02480000000007746
57150,-11740.0,0.028000000000077442
57200,-11732.0,0.027200000000077447
57250,-11742.0,0.02660000000007745
57300,-11748.0,0.027000000000077448
57350,-11744.0,0.026200000000077453
57400,-11746.0,0.02360000000007747
57450,-11754.0,0.02500000000007746
57500,-11756.0,0.023800000000077468
57550,-11744.0,0.023800000000077468
57600,-11718.0,0.02340000000007747
57650,-11728.0,0.024000000000077466
57700,-11738.0,0.02360000000007747
57750,-11738.0,0.02200000000007748
57800,-11740.0,0.02020000000007749
57850,-11732.0,0.019200000000077495
57900,-11726.0,0.019600000000077493
57950,-11716.0,0.019600000000077493
58000,-11716.0,0.0186000000000775
58050,-11718.0,0.018000000000077503
58100,-11724.0,0.01700000000007751
58150,-11722.0,0.017600000000077505
58200,-11722.0,0.017400000000077506
58250,-11708.0,0.01660000000007751
58300,-11698.0,0.017800000000077504
58350,-11708.0,0.017200000000077507
58400,-11688.0,0.01700000000007751
58450,-11664.0,0.017800000000077504
58500,-11666.0,0.018800000000077498
58550,-11660.0,0.02020000000007749
58600,-11664.0,0.019400000000077494
58650,-11666.0,0.021200000000077483
58700,-11680.0,0.021400000000077482
58750,-11682.0,0.022400000000077476
58800,-11678.0,0.019600000000077493
58850,-11686.0,0.019200000000077495
58900,-11690.0,0.019000000000077497
58950,-11712.0,0.019200000000077495
59000,-11702.0,0.019400000000077494
59050,-11708.0,0.020800000000077486
59100,-11730.0,0.02000000000007749
59150,-11734.0,0.022200000000077477
59200,-11738.0,0.024200000000077465
59250,-11740.0,0.022800000000077474
59300,-11720.0,0.022800000000077474
59350,-11738.0,0.022800000000077474
59400,-11734.0,0.02360000000007747
59450,-11736.0,0.023800000000077468
59500,-11736.0,0.024000000000077466
59550,-11712.0,0.022800000000077474
59600,-11712.0,0.024000000000077466
59650,-11692.0,0.02480000000007746
59700,-11676.0,0.02520000000007746
59750,-11690.0,0.024200000000077465
59800,-11696.0,0.02200000000007748
59850,-11700.0,0.02180000000007748
59900,-11690.0,0.021200000000077483
59950,-11682.0,0.02160000000007748
60000,-11700.0,0.023000000000077472
60050,-11722.0,0.02360000000007747
60100,-11730.0,0.022400000000077476
60150,-11710.0,0.022800000000077474
60200,-11706.0,0.021000000000077484
60250,-11710.0,0.02000000000007749
60300,-11716.0,0.021000000000077484
60350,-11720.0,0.02200000000007748
60400,-11722.0,0.02020000000007749
60450,-11712.0,0.020600000000077487
60500,-11714.0,0.02020000000007749
60550,-11718.0,0.021200000000077483
60600,-11726.0,0.022200000000077477
60650,-11716.0,0.022400000000077476
60700,-11732.0,0.02180000000007748
60750,-11718.0,0.02160000000007748
60800,-11726.0,0.020400000000077488
60850,-11716.0,0.01980000000007749
60900,-11710.0,0.02020000000007749
60950,-11702.0,0.02000000000007749
61000,-11708.0,0.021000000000077484
61050,-11708.0,0.020600000000077487
61100,-11706.0,0.020600000000077487
61150,-11718.0,0.02160000000007748
61200,-11694.0,0.02320000000007747
61250,-11696.0,0.025800000000077455
61300,-11704.0,0.024200000000077465
61350,-11696.0,0.023800000000077468
61400,-11700.0,0.02320000000007747
61450,-11702.0,0.02520000000007746
61500,-11698.0,0.02520000000007746
61550,-11678.0,0.025400000000077458
61600,-11664.0,0.025400000000077458
61650,-11666.0,0.023000000000077472
61700,-11660.0,0.022600000000077475
61750,-11636.0,0.023000000000077472
61800,-11620.0,0.01980000000007749
61850,-11606.0,0.01980000000007749
61900,-11640.0,0.020400000000077488
61950,-11632.0,0.021400000000077482
62000,-11624.0,0.022600000000077475
62050,-11628.0,0.022400000000077476
62100,-11616.0,0.021000000000077484
62150,-11614.0,0.02000000000007749
62200,-11612.0,0.017200000000077507
62250,-11608.0,0.017800000000077504
62300,-11604.0,0.016200000000077514
62350,-11612.0,0.016400000000077512
62400,-11638.0,0.014800000000077513
62450,-11630.0,0.016000000000077515
62500,-11616.0,0.015600000000077515
62550,-11612.0,0.014200000000077512
62600,-11622.0,0.01340000000007751
62650,-11634.0,0.015600000000077515
62700,-11630.0,0.014600000000077513
62750,-11632.0,0.015000000000077514
62800,-11644.0,0.014600000000077513
62850,-11654.0,0.014600000000077513
62900,-11652.0,0.016200000000077514
62950,-11656.0,0.01660000000007751
63000,-11666.0,0.016200000000077514
63050,-11662.0,0.016000000000077515
63100,-11670.0,0.01700000000007751
63150,-11670.0,0.016000000000077515
63200,-11682.0,0.015000000000077514
63250,-11684.0,0.01340000000007751
63300,-11702.0,0.012400000000077507
63350,-11708.0,0.01360000000007751
63400,-11726.0,0.01380000000007751
63450,-11718.0,0.012800000000077508
63500,-11730.0,0.011800000000077505
63550,-11722.0,0.011400000000077504
63600,-11712.0,0.010600000000077502
63650,-11732.0,0.010600000000077502
63700,-11706.0,0.009200000000077499
63750,-11698.0,0.0094000000000775
63800,-11694.0,0.012000000000077506
63850,-11702.0,0.010200000000077501
63900,-11704.0,0.008400000000077497
63950,-11692.0,0.006600000000077498
64000,-11706.0,0.006600000000077498
64050,-11706.0,0.006600000000077498
64100,-11714.0,0.006600000000077498
64150,-11714.0,0.007200000000077497
64200,-11710.0,0.0054000000000775
64250,-11710.0,0.005000000000077501
64300,-11712.0,0.009200000000077499
64350,-11728.0,0.011400000000077504
64400,-11744.0,0.012200000000077506
64450,-11722.0,0.010800000000077503
64500,-11702.0,0.011400000000077504
64550,-11708.0,0.011000000000077503
64600,-11716.0,0.010600000000077502
64650,-11706.0,0.008800000000077498
64700,-11700.0,0.0068000000000774975
64750,-11702.0,0.006000000000077499
64800,-11698.0,0.007000000000077497
64850,-11716.0,0.006600000000077498
64900,-11718.0,0.0062000000000774986
64950,-11720.0,0.0052000000000775
65000,-11716.0,0.004200000000077502
65050,-11702.0,0.004200000000077502
65100,-11690.0,0.004800000000077501
65150,-11694.0,0.005000000000077501
65200,-11682.0,0.004400000000077502
65250,-11670.0,0.003000000000077502
65300,-11676.0,0.004000000000077502
65350,-11668.0,0.004600000000077501
65400,-11654.0,0.003400000000077502
65450,-11638.0,-0.00019999999992249902
65500,-11630.0,0.000800000000077501
65550,-11628.0,0.000800000000077501
65600,-11648.0,-0.0013999999999224993
65650,-11642.0,-0.00019999999992249912
65700,-11648.0,-0.0013999999999224993
65750,-11644.0,-0.0015999999999224994
65800,-11654.0,-0.000999999999922499
65850,-11648.0,-0.0029999999999225
65900,-11668.0,-0.004799999999922499
65950,-11660.0,-0.005399999999922498
66000,-11648.0,-0.004799999999922499
66050,-11654.0,-0.005399999999922498
66100,-11654.0,-0.006199999999922497
66150,-11652.0,-0.007599999999922495
66200,-11646.0,-0.008999999999922497
66250,-11668.0,-0.008799999999922497
66300,-11656.0,-0.008599999999922496
66350,-11650.0,-0.008999999999922497
66400,-11648.0,-0.008599999999922496
66450,-11658.0,-0.0067999999999224965
66500,-11668.0,-0.0047999999999225
66550,-11658.0,-0.005799999999922498
66600,-11636.0,-0.0049999999999225
66650,-11648.0,-0.005599999999922499
66700,-11658.0,-0.003999999999922501
66750,-11644.0,-0.003999999999922501
66800,-11662.0,-0.0019999999999225004
66850,-11656.0,-0.0011999999999225
66900,-11672.0,-0.0007999999999225
66950,-11678.0,-0.0015999999999225002
67000,-11680.0,-0.0025999999999225007
67050,-11694.0,-0.003599999999922501
67100,-11688.0,-0.005399999999922499
67150,-11690.0,-0.005599999999922499
67200,-11680.0,-0.005599999999922499
67250,-11694.0,-0.006599999999922497
67300,-11704.0,-0.0067999999999224965
67350,-11704.0,-0.006999999999922496
67400,-11702.0,-0.006399999999922497
67450,-11704.0,-0.007599999999922495
67500,-11704.0,-0.008599999999922496
67550,-11692.0,-0.010599999999922501
67600,-11706.0,-0.0099999999999225
67650,-11714.0,-0.009599999999922499
67700,-11732.0,-0.007999999999922494
67750,-11726.0,-0.006999999999922496
67800,-11732.0,-0.005999999999922498
67850,-11744.0,-0.005399999999922499
67900,-11770.0,-0.003399999999922501
67950,-11762.0,-0.005599999999922499
68000,-11762.0,-0.0037999999999225012
68050,-11762.0,-0.0061999999999224975
68100,-11756.0,-0.0061999999999224975
68150,-11748.0,-0.0061999999999224975
68200,-11742.0,-0.005999999999922498
68250,-11758.0,-0.005799999999922498
68300,-11760.0,-0.0045999999999225
68350,-11760.0,-0.004199999999922501
68400,-11748.0,-0.003599999999922501
68450,-11750.0,-0.004399999999922501
68500,-11748.0,-0.003599999999922501
68550,-11730.0,-0.0045999999999225
68600,-11730.0,-0.002999999999922501
68650,-11730.0,-0.003199999999922501
68700,-11728.0,-0.003999999999922501
68750,-11732.0,-0.004199999999922501
68800,-11728.0,-0.003599999999922501
68850,-11736.0,-0.0019999999999225004
68900,-11732.0,-0.0007999999999225
68950,-11714.0,-0.0013999999999225001
69000,-11710.0,-0.0011999999999225
69050,-11726.0,-0.0009999999999225
69100,-11726.0,0.00040000000007750004
69150,-11698.0,0.0008000000000775001
69200,-11714.0,0.0010000000000775
69250,-11706.0,0.0020000000000775005
69300,-11704.0,0.0016000000000775004
69350,-11716.0,0.00020000000007750014
69400,-11726.0,0.00040000000007750015
69450,-11726.0,-0.0005999999999224999
69500,-11730.0,0.00040000000007750004
69550,-11740.0,-0.0005999999999224999
69600,-11744.0,-0.0013999999999225001
69650,-11744.0,0.00020000000007750003
69700,-11746.0,-0.0019999999999225004
69750,-11756.0,-0.0047999999999225
69800,-11760.0,-0.0073999999999224955
69850,-11734.0,-0.005799999999922498
69900,-11736.0,-0.0061999999999224975
69950,-11756.0,-0.005799999999922498
70000,-11784.0,-0.005599999999922499
70050,-11806.0,-0.006599999999922497
70100,-11816.0,-0.007599999999922495
70150,-11818.0,-0.0067999999999224965
70200,-11826.0,-0.006399999999922497
70250,-11814.0,-0.0073999999999224955
70300,-11810.0,-0.0073999999999224955
70350,-11812.0,-0.005199999999922499
70400,-11806.0,-0.008199999999922495
70450,-11806.0,-0.009199999999922498
70500,-11812.0,-0.007999999999922494
70550,-11806.0,-0.007999999999922494
70600,-11806.0,-0.008399999999922496
70650,-11820.0,-0.0099999999999225
70700,-11828.0,-0.008799999999922497
70750,-11820.0,-0.009399999999922498
70800,-11820.0,-0.010999999999922502
70850,-11800.0,-0.009599999999922499
70900,-11778.0,-0.0067999999999224965
70950,-11768.0,-0.006999999999922496
71000,-11750.0,-0.0067999999999224965
71050,-11734.0,-0.007599999999922495
71100,-11732.0,-0.005599999999922499
71150,-11712.0,-0.0047999999999225
71200,-11696.0,-0.003399999999922501
71250,-11688.0,-0.003599999999922501
71300,-11668.0,-0.0045999999999225
71350,-11658.0,-0.006599999999922497
71400,-11658.0,-0.005599999999922499
71450,-11644.0,-0.004399999999922501
71500,-11658.0,-0.004399999999922501
71550,-11666.0,-0.003199999999922501
71600,-11674.0,-0.0021999999999225005
71650,-11664.0,-0.0015999999999225002
71700,-11678.0,-0.0011999999999225
71750,-11672.0,0.00040000000007750004
71800,-11672.0,7.750001812176222e-14
71850,-11656.0,-0.0007999999999224999
71900,-11654.0,7.750001812176222e-14
71950,-11642.0,0.00020000000007750014
72000,-11644.0,0.0010000000000775
72050,-11638.0,-0.0011999999999225
72100,-11658.0,-0.0001999999999225
72150,-11654.0,0.0014000000000775003
72200,-11664.0,0.0022000000000775006
72250,-11658.0,-0.0011999999999225
72300,-11680.0,-0.0001999999999225
72350,-11668.0,0.0016000000000775004
72400,-11676.0,0.0012000000000775002
72450,-11694.0,0.00040000000007750015
72500,-11678.0,0.0008000000000775001
72550,-11680.0,0.003200000000077501
72600,-11694.0,0.0024000000000775007
72650,-11698.0,0.0046000000000775
72700,-11700.0,0.0038000000000775014
72750,-11710.0,0.0024000000000775007
72800,-11704.0,0.0018000000000775005
72850,-11710.0,0.0018000000000775005
72900,-11718.0,0.003000000000077501
72950,-11706.0,0.0022000000000775006
73000,-11708.0,0.0022000000000775006
73050,-11700.0,0.004400000000077501
73100,-11698.0,0.0014000000000775003
73150,-11698.0,0.00040000000007750015
73200,-11698.0,0.0008000000000775001
73250,-11696.0,0.0010000000000775
73300,-11684.0,0.00020000000007750014
73350,-11676.0,0.0012000000000775002
73400,-11692.0,0.00040000000007750015
73450,-11688.0,0.0010000000000775
73500,-11684.0,7.750012654197946e-14
73550,-11686.0,0.0012000000000775002
73600,-11668.0,0.0010000000000775
73650,-11668.0,0.0006000000000775001
73700,-11676.0,0.0012000000000775002
73750,-11686.0,0.00040000000007750015
73800,-11702.0,7.750012654197946e-14
73850,-11724.0,-0.0011999999999225
73900,-11726.0,0.00020000000007750003
73950,-11714.0,-0.00019999999992249988
74000,-11688.0,0.0006000000000775001
74050,-11676.0,-0.0009999999999225
74100,-11666.0,0.0020000000000775005
74150,-11662.0,0.0008000000000775001
74200,-11690.0,-0.0001999999999225
74250,-11684.0,7.750001812176222e-14
74300,-11692.0,-0.003199999999922501
74350,-11670.0,-0.002999999999922501
74400,-11694.0,-0.0049999999999225
74450,-11694.0,-0.0045999999999225
74500,-11708.0,-0.0047999999999225
74550,-11734.0,-0.006599999999922497
74600,-11736.0,-0.0037999999999225012
74650,-11762.0,-0.003599999999922501
74700,-11766.0,-0.004199999999922501
74750,-11754.0,-0.0037999999999225012
74800,-11742.0,-0.0025999999999225007
74850,-11740.0,-0.0049999999999225
74900,-11722.0,-0.003599999999922501
74950,-11720.0,-0.0037999999999225012
75000,-11718.0,-0.0049999999999225
75050,-11724.0,-0.0015999999999225002
75100,-11702.0,-0.0027999999999225008
75150,-11698.0,-0.0003999999999225
75200,-11706.0,-0.0005999999999225
75250,-11708.0,-0.0021999999999225005
75300,-11712.0,-0.0023999999999225006
75350,-11722.0,-0.0025999999999225007
75400,-11742.0,-0.0025999999999225007
75450,-11730.0,-0.0017999999999225003
75500,-11736.0,-0.0037999999999225012
75550,-11732.0,-0.003599999999922501
75600,-11746.0,-0.0021999999999225005
75650,-11748.0,-0.0023999999999225006
75700,-11740.0,-0.005599999999922499
75750,-11730.0,-0.006399999999922497
75800,-11738.0,-0.0061999999999224975
75850,-11744.0,-0.005399999999922499
75900,-11732.0,-0.0049999999999225
75950,-11728.0,-0.005799999999922498
76000,-11738.0,-0.006599999999922497
76050,-11730.0,-0.006999999999922496
76100,-11722.0,-0.008199999999922495
76150,-11726.0,-0.007199999999922496
76200,-11710.0,-0.008199999999922495
76250,-11712.0,-0.009399999999922498
76300,-11722.0,-0.0097999999999225
76350,-11708.0,-0.009599999999922499
76400,-11696.0,-0.008399999999922496
76450,-11698.0,-0.011199999999922503
76500,-11696.0,-0.012399999999922506
76550,-11700.0,-0.011399999999922503
76600,-11704.0,-0.014799999999922512
76650,-11710.0,-0.012799999999922507
76700,-11704.0,-0.010999999999922502
76750,-11696.0,-0.010799999999922502
76800,-11710.0,-0.010599999999922501
76850,-11710.0,-0.008799999999922497
76900,-11716.0,-0.0101999999999225
76950,-11710.0,-0.007799999999922495
77000,-11702.0,-0.007999999999922494
77050,-11680.0,-0.006999999999922496
77100,-11688.0,-0.007999999999922494
77150,-11686.0,-0.0099999999999225
77200,-11684.0,-0.011999999999922505
77250,-11676.0,-0.011399999999922503
77300,-11680.0,-0.0103999999999225
77350,-11674.0,-0.009599999999922499
77400,-11664.0,-0.010999999999922502
77450,-11674.0,-0.0099999999999225
77500,-11674.0,-0.011599999999922504
77550,-11660.0,-0.011199999999922503
77600,-11676.0,-0.0097999999999225
77650,-11656.0,-0.0099999999999225
77700,-11662.0,-0.011399999999922503
77750,-11662.0,-0.011799999999922504
77800,-11662.0,-0.011599999999922504
77850,-11652.0,-0.011599999999922504
77900,-11642.0,-0.014799999999922512
77950,-11656.0,-0.014399999999922511
78000,-11676.0,-0.013399999999922509
78050,-11674.0,-0.015199999999922513
78100,-11672.0,-0.015199999999922513
78150,-11684.0,-0.01679999999992251
78200,-11682.0,-0.017199999999922506
78250,-11690.0,-0.019199999999922494
78300,-11672.0,-0.019199999999922494
78350,-11676.0,-0.0183999999999225
78400,-11678.0,-0.01659999999992251
78450,-11690.0,-0.015399999999922514
78500,-11674.0,-0.01639999999992251
78550,-11666.0,-0.016199999999922512
78600,-11676.0,-0.013399999999922509
78650,-11676.0,-0.015199999999922513
78700,-11672.0,-0.012799999999922507
78750,-11684.0,-0.010999999999922502
78800,-11678.0,-0.011599999999922504
78850,-11688.0,-0.010799999999922502
78900,-11688.0,-0.009199999999922498
78950,-11688.0,-0.008399999999922496
79000,-11696.0,-0.0097999999999225
79050,-11698.0,-0.008799999999922497
79100,-11712.0,-0.009399999999922498
79150,-11710.0,-0.010799999999922502
79200,-11702.0,-0.010599999999922501
79250,-11708.0,-0.011199999999922503
79300,-11714.0,-0.011799999999922504
79350,-11702.0,-0.010599999999922501
79400,-11694.0,-0.0097999999999225
79450,-11700.0,-0.010999999999922502
79500,-11700.0,-0.010999999999922502
79550,-11688.0,-0.0099999999999225
79600,-11700.0,-0.0073999999999224955
79650,-11708.0,-0.007199999999922496
79700,-11722.0,-0.0067999999999224965
79750,-11712.0,-0.005199999999922499
79800,-11718.0,-0.005199999999922499
79850,-11730.0,-0.005799999999922498
79900,-11732.0,-0.0049999999999225
79950,-11734.0,-0.003399999999922501
80000,-11718.0,-0.005199999999922499
80050,-11712.0,-0.005599999999922499
80100,-11720.0,-0.0067999999999224965
80150,-11722.0,-0.005999999999922498
80200,-11722.0,-0.0061999999999224975
80250,-11734.0,-0.005599999999922499
80300,-11730.0,-0.005399999999922499
80350,-11740.0,-0.003399999999922501
80400,-11738.0,-0.003599999999922501
80450,-11766.0,-0.0025999999999225007
80500,-11758.0,-0.003399999999922501
80550,-11748.0,-0.0037999999999225012
80600,-11742.0,-0.0045999999999225
80650,-11758.0,-0.005199999999922499
80700,-11770.0,-0.007599999999922495
80750,-11774.0,-0.006599999999922497
80800,-11782.0,-0.007199999999922496
80850,-11780.0,-0.008599999999922496
80900,-11762.0,-0.008599999999922496
80950,-11770.0,-0.011199999999922503
81000,-11754.0,-0.011999999999922505
81050,-11758.0,-0.011599999999922504
81100,-11738.0,-0.012399999999922506
81150,-11730.0,-0.01399999999992251
81200,-11742.0,-0.01399999999992251
81250,-11750.0,-0.011399999999922503
81300,-11752.0,-0.011199999999922503
81350,-11768.0,-0.012399999999922506
81400,-11774.0,-0.012799999999922507
81450,-11778.0,-0.011399999999922503
81500,-11792.0,-0.012999999999922508
81550,-11792.0,-0.01399999999992251
81600,-11810.0,-0.01419999999992251
81650,-11808.0,-0.014599999999922512
81700,-11810.0,-0.012399999999922506
81750,-11808.0,-0.012599999999922507
81800,-11798.0,-0.012599999999922507
81850,-11796.0,-0.010999999999922502
81900,-11798.0,-0.012999999999922508
81950,-11806.0,-0.01359999999992251
82000,-11826.0,-0.011799999999922504
82050,-11828.0,-0.013399999999922509
82100,-11824.0,-0.01379999999992251
82150,-11804.0,-0.01359999999992251
82200,-11810.0,-0.012799999999922507
82250,-11812.0,-0.014399999999922511
82300,-11794.0,-0.01659999999992251
82350,-11792.0,-0.015799999999922515
82400,-11792.0,-0.015199999999922513
82450,-11802.0,-0.014399999999922511
82500,-11808.0,-0.012799999999922507
82550,-11784.0,-0.014599999999922512
82600,-11794.0,-0.015399999999922514
82650,-11802.0,-0.015399999999922514
82700,-11798.0,-0.016999999999922508
82750,-11800.0,-0.016199999999922512
82800,-11782.0,-0.01679999999992251
82850,-11792.0,-0.01639999999992251
82900,-11796.0,-0.015999999999922514
82950,-11798.0,-0.01639999999992251
83000,-11824.0,-0.01419999999992251
83050,-11838.0,-0.012599999999922507
83100,-11832.0,-0.011599999999922504
83150,-11826.0,-0.011199999999922503
83200,-11814.0,-0.011399999999922503
83250,-11804.0,-0.012799999999922507
83300,-11806.0,-0.011799999999922504
83350,-11806.0,-0.011199999999922503
83400,-11810.0,-0.010999999999922502
83450,-11792.0,-0.011199999999922503
83500,-11776.0,-0.0101999999999225
83550,-11782.0,-0.010599999999922501
83600,-11786.0,-0.011199999999922503
83650,-11778.0,-0.012199999999922505
83700,-11758.0,-0.013399999999922509
83750,-11740.0,-0.01359999999992251
83800,-11742.0,-0.01419999999992251
83850,-11738.0,-0.01359999999992251
83900,-11730.0,-0.01419999999992251
83950,-11718.0,-0.01359999999992251
84000,-11728.0,-0.012799999999922507
84050,-11724.0,-0.014599999999922512
84100,-11724.0,-0.015799999999922515
84150,-11716.0,-0.015399999999922514
84200,-11726.0,-0.016199999999922512
84250,-11730.0,-0.01659999999992251
84300,-11736.0,-0.01659999999992251
84350,-11740.0,-0.01679999999992251
84400,-11760.0,-0.017599999999922504
84450,-11752.0,-0.01639999999992251
84500,-11762.0,-0.01679999999992251
84550,-11780.0,-0.01679999999992251
84600,-11782.0,-0.015999999999922514
84650,-11788.0,-0.01419999999992251
84700,-11788.0,-0.014799999999922512
84750,-11782.0,-0.013399999999922509
84800,-11794.0,-0.013199999999922508
84850,-11806.0,-0.01399999999992251
84900,-11800.0,-0.015199999999922513
84950,-11810.0,-0.016999999999922508
85000,-11810.0,-0.018999999999922496
85050,-11818.0,-0.01999999999992249
85100,-11816.0,-0.01999999999992249
85150,-11810.0,-0.01999999999992249
85200,-11784.0,-0.019599999999922492
85250,-11792.0,-0.018599999999922498
85300,-11796.0,-0.020599999999922486
85350,-11800.0,-0.02159999999992248
85400,-11808.0,-0.022599999999922474
85450,-11824.0,-0.022399999999922475
85500,-11822.0,-0.02159999999992248
85550,-11832.0,-0.022199999999922476
85600,-11826.0,-0.022199999999922476
85650,-11812.0,-0.02139999999992248
85700,-11824.0,-0.021199999999922482
85750,-11832.0,-0.018999999999922496
85800,-11844.0,-0.01979999999992249
85850,-11846.0,-0.0183999999999225
85900,-11828.0,-0.01999999999992249
85950,-11822.0,-0.02159999999992248
86000,-11804.0,-0.019399999999922493
86050,-11818.0,-0.01979999999992249
86100,-11828.0,-0.017199999999922506
86150,-11856.0,-0.015999999999922514
86200,-11836.0,-0.015599999999922514
86250,-11830.0,-0.015199999999922513
86300,-11832.0,-0.015999999999922514
86350,-11816.0,-0.015999999999922514
86400,-11828.0,-0.016999999999922508
86450,-11818.0,-0.016999999999922508
86500,-11822.0,-0.016199999999922512
86550,-11826.0,-0.01679999999992251
86600,-11824.0,-0.017199999999922506
86650,-11832.0,-0.01679999999992251
86700,-11826.0,-0.016999999999922508
86750,-11824.0,-0.01659999999992251
86800,-11834.0,-0.015399999999922514
86850,-11840.0,-0.015799999999922515
86900,-11850.0,-0.017599999999922504
86950,-11834.0,-0.017599999999922504
87000,-11858.0,-0.019199999999922494
87050,-11848.0,-0.019399999999922493
87100,-11868.0,-0.0179999999999225
87150,-11860.0,-0.0181999999999225
87200,-11852.0,-0.018599999999922498
87250,-11832.0,-0.0181999999999225
87300,-11826.0,-0.017199999999922506
87350,-11830.0,-0.015399999999922514
87400,-11826.0,-0.017199999999922506
87450,-11816.0,-0.015799999999922515
87500,-11818.0,-0.019199999999922494
87550,-11814.0,-0.0179999999999225
87600,-11832.0,-0.019199999999922494
87650,-11844.0,-0.018799999999922497
87700,-11854.0,-0.02019999999992249
87750,-11854.0,-0.024199999999922464
87800,-11858.0,-0.02299999999992247
87850,-11866.0,-0.023999999999922465
87900,-11858.0,-0.024399999999922463
87950,-11838.0,-0.025399999999922457
88000,-11820.0,-0.027399999999922445
88050,-11818.0,-0.027599999999922444
88100,-11806.0,-0.025599999999922456
88150,-11808.0,-0.02679999999992245
88200,-11776.0,-0.027399999999922445
88250,-11768.0,-0.027799999999922442
88300,-11762.0,-0.02799999999992244
88350,-11754.0,-0.027799999999922442
88400,-11750.0,-0.027399999999922445
88450,-11758.0,-0.028799999999922436
88500,-11760.0,-0.028799999999922436
88550,-11764.0,-0.028799999999922436
88600,-11764.0,-0.02819999999992244
88650,-11768.0,-0.029399999999922433
88700,-11766.0,-0.030999999999922423
88750,-11774.0,-0.029199999999922434
88800,-11782.0,-0.029199999999922434
88850,-11784.0,-0.029399999999922433
88900,-11790.0,-0.02979999999992243
88950,-11766.0,-0.030999999999922423
89000,-11754.0,-0.030199999999922428
89050,-11756.0,-0.028999999999922435
89100,-11756.0,-0.029199999999922434
89150,-11742.0,-0.030799999999922424
89200,-11758.0,-0.03159999999992242
89250,-11780.0,-0.03159999999992242
89300,-11778.0,-0.032199999999922416
89350,-11786.0,-0.030599999999922425
89400,-11782.0,-0.030199999999922428
89450,-11772.0,-0.030399999999922427
89500,-11780.0,-0.030199999999922428
89550,-11766.0,-0.028599999999922437
89600,-11742.0,-0.029199999999922434
89650,-11750.0,-0.02679999999992245
89700,-11770.0,-0.02639999999992245
89750,-11780.0,-0.027399999999922445
89800,-11766.0,-0.028999999999922435
89850,-11772.0,-0.030399999999922427
89900,-11786.0,-0.03119999999992242
89950,-11800.0,-0.02979999999992243
90000,-11792.0,-0.028999999999922435
90050,-11804.0,-0.02839999999992244
90100,-11772.0,-0.029399999999922433
90150,-11766.0,-0.030599999999922425
90200,-11772.0,-0.03179999999992242
90250,-11768.0,-0.03119999999992242
90300,-11764.0,-0.030199999999922428
90350,-11758.0,-0.029199999999922434
90400,-11756.0,-0.028799999999922436
90450,-11758.0,-0.027399999999922445
90500,-11758.0,-0.02819999999992244
90550,-11758.0,-0.025599999999922456
90600,-11770.0,-0.02799999999992244
90650,-11762.0,-0.029199999999922434
90700,-11768.0,-0.028999999999922435
90750,-11780.0,-0.02959999999992243
90800,-11778.0,-0.030399999999922427
90850,-11794.0,-0.032399999999922414
90900,-11786.0,-0.03119999999992242
90950,-11796.0,-0.03299999999992241
91000,-11784.0,-0.03199999999992242
91050,-11798.0,-0.02999999999992243
91100,-11792.0,-0.02979999999992243
91150,-11786.0,-0.02959999999992243
91200,-11778.0,-0.032399999999922414
91250,-11772.0,-0.03119999999992242
91300,-11774.0,-0.03259999999992241
91350,-11782.0,-0.032199999999922416
91400,-11792.0,-0.032199999999922416
91450,-11802.0,-0.03259999999992241
91500,-11802.0,-0.032199999999922416
91550,-11810.0,-0.03279999999992241
91600,-11816.0,-0.03179999999992242
91650,-11798.0,-0.032399999999922414
91700,-11818.0,-0.03179999999992242
91750,-11814.0,-0.028999999999922435
91800,-11806.0,-0.028999999999922435
91850,-11814.0,-0.02959999999992243
91900,-11800.0,-0.026999999999922447
91950,-11804.0,-0.027399999999922445
92000,-11786.0,-0.02979999999992243
92050,-11790.0,-0.028799999999922436
92100,-11798.0,-0.02819999999992244
92150,-11802.0,-0.027399999999922445
92200,-11808.0,-0.027399999999922445
92250,-11812.0,-0.02659999999992245
92300,-11808.0,-0.02499999999992246
92350,-11814.0,-0.023799999999922467
92400,-11810.0,-0.024399999999922463
92450,-11818.0,-0.023599999999922468
92500,-11820.0,-0.022599999999922474
92550,-11808.0,-0.021999999999922477
92600,-11812.0,-0.020399999999922487
92650,-11816.0,-0.020599999999922486
92700,-11814.0,-0.018999999999922496
92750,-11816.0,-0.0183999999999225
92800,-11806.0,-0.016999999999922508
92850,-11810.0,-0.018599999999922498
92900,-11802.0,-0.01999999999992249
92950,-11808.0,-0.02139999999992248
93000,-11826.0,-0.020799999999922485
93050,-11812.0,-0.022199999999922476
93100,-11828.0,-0.02179999999992248
93150,-11800.0,-0.021999999999922477
93200,-11780.0,-0.020999999999922483
93250,-11776.0,-0.02139999999992248
93300,-11798.0,-0.020999999999922483
93350,-11814.0,-0.02159999999992248
93400,-11806.0,-0.021199999999922482
93450,-11804.0,-0.021999999999922477
93500,-11818.0,-0.022799999999922473
93550,-11818.0,-0.021999999999922477
93600,-11808.0,-0.02299999999992247
93650,-11818.0,-0.02299999999992247
93700,-11820.0,-0.02299999999992247
93750,-11816.0,-0.02339999999992247
93800,-11810.0,-0.021999999999922477
93850,-11820.0,-0.021199999999922482
93900,-11818.0,-0.019399999999922493
93950,-11810.0,-0.019599999999922492
94000,-11814.0,-0.017399999999922505
94050,-11810.0,-0.018999999999922496
94100,-11814.0,-0.01659999999992251
94150,-11816.0,-0.015799999999922515
94200,-11812.0,-0.017799999999922503
94250,-11818.0,-0.01639999999992251
94300,-11812.0,-0.016199999999922512
94350,-11802.0,-0.016199999999922512
94400,-11806.0,-0.015999999999922514
94450,-11792.0,-0.015799999999922515
94500,-11792.0,-0.015399999999922514
94550,-11804.0,-0.014599999999922512
94600,-11800.0,-0.014799999999922512
94650,-11798.0,-0.014399999999922511
94700,-11800.0,-0.014999999999922513
94750,-11808.0,-0.015399999999922514
94800,-11794.0,-0.01639999999992251
94850,-11778.0,-0.016199999999922512
94900,-11776.0,-0.017199999999922506
94950,-11780.0,-0.014399999999922511
95000,-11788.0,-0.014399999999922511
95050,-11774.0,-0.013399999999922509
95100,-11774.0,-0.012999999999922508
95150,-11778.0,-0.012199999999922505
95200,-11768.0,-0.011199999999922503
95250,-11782.0,-0.011999999999922505
95300,-11770.0,-0.01359999999992251
95350,-11758.0,-0.015399999999922514
95400,-11764.0,-0.014999999999922513
95450,-11770.0,-0.015999999999922514
95500,-11780.0,-0.01659999999992251
95550,-11770.0,-0.01639999999992251
95600,-11770.0,-0.017599999999922504
95650,-11756.0,-0.019599999999922492
95700,-11760.0,-0.017599999999922504
95750,-11748.0,-0.017799999999922503
95800,-11744.0,-0.017199999999922506
95850,-11740.0,-0.016199999999922512
95900,-11752.0,-0.017399999999922505
95950,-11752.0,-0.015399999999922514
96000,-11746.0,-0.015799999999922515
96050,-11742.0,-0.01379999999992251
96100,-11732.0,-0.013399999999922509
96150,-11736.0,-0.01399999999992251
96200,-11730.0,-0.012199999999922505
96250,-11732.0,-0.011199999999922503
96300,-11724.0,-0.012199999999922505
96350,-11716.0,-0.012999999999922508
96400,-11726.0,-0.012599999999922507
96450,-11730.0,-0.011399999999922503
96500,-11724.0,-0.011199999999922503
96550,-11720.0,-0.010999999999922502
96600,-11714.0,-0.012999999999922508
96650,-11714.0,-0.014399999999922511
96700,-11722.0,-0.013399999999922509
96750,-11738.0,-0.01379999999992251
96800,-11732.0,-0.013199999999922508
96850,-11722.0,-0.011999999999922505
96900,-11712.0,-0.011199999999922503
96950,-11720.0,-0.0097999999999225
97000,-11708.0,-0.012799999999922507
97050,-11712.0,-0.012999999999922508
97100,-11712.0,-0.011599999999922504
97150,-11720.0,-0.011999999999922505
97200,-11716.0,-0.012599999999922507
97250,-11712.0,-0.011999999999922505
97300,-11720.0,-0.012399999999922506
97350,-11712.0,-0.011399999999922503
97400,-11712.0,-0.0099999999999225
97450,-11718.0,-0.011399999999922503
97500,-11736.0,-0.012599999999922507
97550,-11736.0,-0.012199999999922505
97600,-11726.0,-0.010799999999922502
97650,-11748.0,-0.009599999999922499
97700,-11738.0,-0.0099999999999225
97750,-11738.0,-0.008199999999922495
97800,-11734.0,-0.008399999999922496
97850,-11744.0,-0.006599999999922497
97900,-11772.0,-0.0061999999999224975
97950,-11770.0,-0.0067999999999224965
98000,-11778.0,-0.008999999999922497
98050,-11762.0,-0.0073999999999224955
98100,-11766.0,-0.007199999999922496
98150,-11752.0,-0.005799999999922498
98200,-11738.0,-0.005799999999922498
98250,-11752.0,-0.0073999999999224955
98300,-11762.0,-0.007999999999922494
98350,-11756.0,-0.007799999999922495
98400,-11768.0,-0.007799999999922495
98450,-11754.0,-0.005999999999922498
98500,-11748.0,-0.006599999999922497
98550,-11750.0,-0.006399999999922497
98600,-11760.0,-0.0067999999999224965
98650,-11762.0,-0.006999999999922496
98700,-11760.0,-0.006999999999922496
98750,-11742.0,-0.007999999999922494
98800,-11744.0,-0.008599999999922496
98850,-11758.0,-0.010999999999922502
98900,-11768.0,-0.011399999999922503
98950,-11782.0,-0.0103999999999225
99000,-11788.0,-0.011799999999922504
99050,-11786.0,-0.011399999999922503
99100,-11786.0,-0.011399999999922503
99150,-11764.0,-0.010599999999922501
99200,-11782.0,-0.012399999999922506
99250,-11788.0,-0.012399999999922506
99300,-11782.0,-0.013399999999922509
99350,-11790.0,-0.012999999999922508
99400,-11792.0,-0.01419999999992251
99450,-11786.0,-0.011199999999922503
99500,-11774.0,-0.009199999999922498
99550,-11768.0,-0.008799999999922497
99600,-11770.0,-0.0101999999999225
99650,-11780.0,-0.0099999999999225
99700,-11780.0,-0.012199999999922505
99750,-11790.0,-0.012799999999922507
99800,-11782.0,-0.014599999999922512
99850,-11768.0,-0.013399999999922509
99900,-11768.0,-0.012999999999922508
99950,-11768.0,-0.011799999999922504
100000,-11774.0,-0.010999999999922502
